type,name,module,path,hash
"csv","agent-manifest","_cfg","bmad/_cfg/agent-manifest.csv","cfed323cbdae31cf4969314042594f23c72274d2fcf840b04a1df4265185d2ec"
"csv","task-manifest","_cfg","bmad/_cfg/task-manifest.csv","819e2361307044b585314582e630be9816e095b2cdaa336c3b808abefb02cf68"
"csv","workflow-manifest","_cfg","bmad/_cfg/workflow-manifest.csv","45905f8575f2f5f0ded3292a078ccf488657adb3dcb974178265e3a21bc232c5"
"yaml","manifest","_cfg","bmad/_cfg/manifest.yaml","8bfe2720484f2cdb73fe6334a3d64da83f1fa47850539324a39224da98a6d6d7"
"js","installer","bmb","bmad/bmb/workflows/create-module/installer-templates/installer.js","309ecdf2cebbb213a9139e5b7780d0d42bd60f665c497691773f84202e6667a7"
"md","agent-architecture","bmb","bmad/bmb/workflows/create-agent/agent-architecture.md","0e150c7229fe8ac2524e77ba79a2c5c4f2f7a79a0a7fd6f7863f9818261e440d"
"md","agent-command-patterns","bmb","bmad/bmb/workflows/create-agent/agent-command-patterns.md","a4a1f054c65729b52a781bacef6194f15cc7bc0224366e7e1bbe0491a2e8947a"
"md","agent-types","bmb","bmad/bmb/workflows/create-agent/agent-types.md","30f34712298b871b8bebd680433e86624ae7c83232c1a334740d555c77716e12"
"md","bmad-builder","bmb","bmad/bmb/agents/bmad-builder.md","5bebb77edd202827c1875d0e8e869f8bd453c87e6ad8f584c7f054532fafaf63"
"md","brainstorm-context","bmb","bmad/bmb/workflows/create-agent/brainstorm-context.md","85be72976c4ff5d79b2bce8e6b433f5e3526a7466a72b3efdb4f6d3d118e1d15"
"md","brainstorm-context","bmb","bmad/bmb/workflows/create-module/brainstorm-context.md","62b902177d2cb56df2d6a12e5ec5c7d75ec94770ce22ac72c96691a876ed2e6a"
"md","brainstorm-context","bmb","bmad/bmb/workflows/create-workflow/brainstorm-context.md","f246ec343e338068b37fee8c93aa6d2fe1d4857addba6db3fe6ad80a2a2950e8"
"md","checklist","bmb","bmad/bmb/workflows/audit-workflow/checklist.md","a7909e9c571072a493e48b3fe96ed36cf7db7e39eefccbb5b90a6cc8b063c1d1"
"md","checklist","bmb","bmad/bmb/workflows/convert-legacy/checklist.md","7a51c4ef3a765662de580df848f84e372999f934b957bc6b73e8acb5f1c41da9"
"md","checklist","bmb","bmad/bmb/workflows/create-agent/checklist.md","4cd8aa099c128b97451da12a168a9c252bd1180ccce6170e9714ee63cc85197e"
"md","checklist","bmb","bmad/bmb/workflows/create-module/checklist.md","526081df89ea85b246b8e9da0a2c4647800adec5bb611bc018f7c5f784fc17c2"
"md","checklist","bmb","bmad/bmb/workflows/create-workflow/checklist.md","d350761ca098dc68d8762afb9bc4ff31ea2db230da4bdcf04cd6bb559f6d0e52"
"md","checklist","bmb","bmad/bmb/workflows/create-workflow/workflow-template/checklist.md","a950c68c71cd54b5a3ef4c8d68ad8ec40d5d1fa057f7c95e697e975807ae600b"
"md","checklist","bmb","bmad/bmb/workflows/edit-agent/checklist.md","4af577233cff48332c04a54d92cff24f025b093bd056669ccfaa080ded1fa918"
"md","checklist","bmb","bmad/bmb/workflows/edit-module/checklist.md","1341b91540fb702fe059888703d0b17ab7495cc005e864ebc713251c58d9c6fd"
"md","checklist","bmb","bmad/bmb/workflows/edit-workflow/checklist.md","9677c087ddfb40765e611de23a5a009afe51c347683dfe5f7d9fd33712ac4795"
"md","checklist","bmb","bmad/bmb/workflows/module-brief/checklist.md","821c90da14f02b967cb468b19f59a26c0d8f044d7a81a8b97631fb8ffac7648f"
"md","checklist","bmb","bmad/bmb/workflows/redoc/checklist.md","2117d60b14e19158f4b586878b3667d715d3b62f79815b72b55c2376ce31aae8"
"md","communication-styles","bmb","bmad/bmb/workflows/create-agent/communication-styles.md","96249cca9bee8f10b376e131729c633ea08328c44eaa6889343d2cf66127043e"
"md","instructions","bmb","bmad/bmb/workflows/audit-workflow/instructions.md","b6bdc0f846670c3bc776e2840494858b309651affcde74f9e86983e0e9cb32c2"
"md","instructions","bmb","bmad/bmb/workflows/convert-legacy/instructions.md","da364d13a303d457f2ebc91533ed353966ff823edec5af5cea3f7f0f3707e915"
"md","instructions","bmb","bmad/bmb/workflows/create-agent/instructions.md","b6fb931a765da00398e47bcf1ee375a7a5078c8661b107a4cedd12c040056846"
"md","instructions","bmb","bmad/bmb/workflows/create-module/instructions.md","0d3971df690ad9f64b03d02976c605ea52861f3b2907401a41b6bb9d6f10e069"
"md","instructions","bmb","bmad/bmb/workflows/create-workflow/instructions.md","66603a1bc67577132399688f1bbb4b5c8bea41c8dfedccf5b98c71cd4c4c8cfd"
"md","instructions","bmb","bmad/bmb/workflows/create-workflow/workflow-template/instructions.md","0f6195cbeb26e016684fe2e186723cd7f70220fabdd343c931386e136f1e99bb"
"md","instructions","bmb","bmad/bmb/workflows/edit-agent/instructions.md","9026db6b4a24bfa2bc1e25bcd6f77c6dce0973e7c3b31ffdefb359abb2d2a577"
"md","instructions","bmb","bmad/bmb/workflows/edit-module/instructions.md","aa6243a593d43bfc5d0b246003d638d9eb1a111f217ebf4beb4849a745d9613b"
"md","instructions","bmb","bmad/bmb/workflows/edit-workflow/instructions.md","0e7488404d5d5105eff4dbc739b1bccdec7cb6f0f6b8182cb876d72f1f90f2e6"
"md","instructions","bmb","bmad/bmb/workflows/module-brief/instructions.md","1ecac45a0b6018511b01117f600af603e15613fbca64aee50dd0f23ec139041e"
"md","instructions","bmb","bmad/bmb/workflows/redoc/instructions.md","5c996b65f70c477774e0e0d83cf58b4f812497acc10f33408fbe106c20953826"
"md","module-structure","bmb","bmad/bmb/workflows/create-module/module-structure.md","864f26df3fb8c7012594af07dadbe769ccf8421102a2127eadd3b4010ffec8cc"
"md","README","bmb","bmad/bmb/README.md","aa2beac1fb84267cbaa6d7eb541da824c34177a17cd227f11b189ab3a1e06d33"
"md","README","bmb","bmad/bmb/workflows/convert-legacy/README.md","80fd850859c7d0ed55e820910880adc1e0c930ecf6c911722198bdd6f337a9a9"
"md","README","bmb","bmad/bmb/workflows/create-agent/README.md","c7ade196cb6962b9c586b57dd61bda5876e251feb175d2276aa8544c9fea71ed"
"md","README","bmb","bmad/bmb/workflows/create-module/README.md","0a31ca001404bfaa70bd1f58f82b77041affb0b4c145773a5349a9eb8ffe9960"
"md","README","bmb","bmad/bmb/workflows/create-workflow/README.md","543210276c57b0d624afc2e97946fba643f3a87ba710c1f8e58448afa661e9fb"
"md","README","bmb","bmad/bmb/workflows/edit-agent/README.md","fadee8e28804d5b6d6668689ee83e024035d2be2840fd6c359e0e095f0e4dcf9"
"md","README","bmb","bmad/bmb/workflows/edit-module/README.md","16b93df3fa49cd5a549d3e9a98c9916f92a1a20bc11ec540bff029d30b8bc2fa"
"md","README","bmb","bmad/bmb/workflows/edit-workflow/README.md","2db00015c03a3ed7df4ff609ac27a179885145e4c8190862eea70d8b894ee9be"
"md","README","bmb","bmad/bmb/workflows/module-brief/README.md","7791213e3b95983c447a145cd3778f843bf9e0d6477df1688026e2d884b2cc57"
"md","README","bmb","bmad/bmb/workflows/redoc/README.md","59f8ecf9c6ce4ecf054129a2d92706333e84ce6b3b1133a32d6a93edb9b6ba46"
"md","template","bmb","bmad/bmb/workflows/audit-workflow/template.md","98e65880cac3ffb123e513abd48710e57e461418dd79a07d6b712505ed3ddb0e"
"md","template","bmb","bmad/bmb/workflows/create-workflow/workflow-template/template.md","c98f65a122035b456f1cbb2df6ecaf06aa442746d93a29d1d0ed2fc9274a43ee"
"md","template","bmb","bmad/bmb/workflows/module-brief/template.md","7d1ad5ec40b06510fcbb0a3da8ea32aefa493e5b04c3a2bba90ce5685b894275"
"md","workflow-creation-guide","bmb","bmad/bmb/workflows/create-workflow/workflow-creation-guide.md","103ccfb722e5bba711d51a85162a29963ef2615a86cd707626550ee46ac86d71"
"yaml","bmad-builder.agent","bmb","bmad/bmb/agents/bmad-builder.agent.yaml",""
"yaml","config","bmb","bmad/bmb/config.yaml","f627c0314fd822434bbf7bd11c140f6d3fbab480577de760efd04f15c9dae8e1"
"yaml","install-config","bmb","bmad/bmb/workflows/create-module/installer-templates/install-config.yaml","480031aa998051c6d0c5b2caa15f79656ac4b875ba3fa75abc2f13de373968b8"
"yaml","workflow","bmb","bmad/bmb/workflows/audit-workflow/workflow.yaml","0c58ff33c2fa07972458157029819160fe75139f09c5edf38484834961928320"
"yaml","workflow","bmb","bmad/bmb/workflows/convert-legacy/workflow.yaml","c68acf68020234f234b7a5cd9a2ecad8adf85a4f5e80d4f5179eaa120303d333"
"yaml","workflow","bmb","bmad/bmb/workflows/create-agent/workflow.yaml","b1004b9143f5168dcfded33a451db20a36d63581f43edb246a5d50a076740a62"
"yaml","workflow","bmb","bmad/bmb/workflows/create-module/workflow.yaml","2b981e5b01fa6b226fb7537dfd7c49358b4e1bd0d74beb3950474953e136d594"
"yaml","workflow","bmb","bmad/bmb/workflows/create-workflow/workflow-template/workflow.yaml","7b82f05980f68318ec3df4914b581e12eb75bc17f3964a8bd8339dea9737456b"
"yaml","workflow","bmb","bmad/bmb/workflows/create-workflow/workflow.yaml","d77f78c7cc8b7e5a67ed9ce0ed86d6997a25ab37cd3380d9008272ff0c520d38"
"yaml","workflow","bmb","bmad/bmb/workflows/edit-agent/workflow.yaml","8925b8b2873e71bb45494300678df8b9845336fa891bcc0c3f22ee82408fca4d"
"yaml","workflow","bmb","bmad/bmb/workflows/edit-module/workflow.yaml","83e2612aa88ce2311073e4e9f0dc527dee1511b9fea79a3afe32beac34bf5538"
"yaml","workflow","bmb","bmad/bmb/workflows/edit-workflow/workflow.yaml","898f81e88cdebb9da4fdf0559835db3ad8ad7e395dfef0c2a9c152bc8267957a"
"yaml","workflow","bmb","bmad/bmb/workflows/module-brief/workflow.yaml","6a45f2f440f502c4a4960f68d6754c5c9976079f758b6c659f23fa9cf18755af"
"yaml","workflow","bmb","bmad/bmb/workflows/redoc/workflow.yaml","9ad4e836193174dceb32b6d857ce1856fb5718deaddf8b00cadc26d3adca554c"
"csv","default-party","bmm","bmad/bmm/teams/default-party.csv","92f7c52a3a1441e5139e11e91eddeb4f1bca83e73ddcd291ec36401a1f4c39db"
"csv","documentation-requirements","bmm","bmad/bmm/workflows/document-project/documentation-requirements.csv","d1253b99e88250f2130516b56027ed706e643bfec3d99316727a4c6ec65c6c1d"
"csv","domain-complexity","bmm","bmad/bmm/workflows/2-plan-workflows/prd/domain-complexity.csv","ed4d30e9fd87db2d628fb66cac7a302823ef6ebb3a8da53b9265326f10a54e11"
"csv","pattern-categories","bmm","bmad/bmm/workflows/3-solutioning/architecture/pattern-categories.csv","d9a275931bfed32a65106ce374f2bf8e48ecc9327102a08f53b25818a8c78c04"
"csv","project-types","bmm","bmad/bmm/workflows/2-plan-workflows/prd/project-types.csv","30a52051db3f0e4ff0145b36cd87275e1c633bc6c25104a714c88341e28ae756"
"csv","tea-index","bmm","bmad/bmm/testarch/tea-index.csv","23b0e383d06e039a77bb1611b168a2bb5323ed044619a592ac64e36911066c83"
"json","project-scan-report-schema","bmm","bmad/bmm/workflows/document-project/templates/project-scan-report-schema.json","53255f15a10cab801a1d75b4318cdb0095eed08c51b3323b7e6c236ae6b399b7"
"md","agents-guide","bmm","bmad/bmm/docs/agents-guide.md","8f2897932b6abb4761b4f47bd4ca557b20efa7322f3c7bb97bc077d20c8c6b4d"
"md","analyst","bmm","bmad/bmm/agents/analyst.md","6c2400393b031831607932ce6d9c31d4cdb93266ef4e21f78b0195e0def5f798"
"md","architect","bmm","bmad/bmm/agents/architect.md","8ebde6d5c9460eaa22f811397c9b4e9cb55b844d81f456e1d55cd789ac5a9bda"
"md","architecture-template","bmm","bmad/bmm/workflows/3-solutioning/architecture/architecture-template.md","a4908c181b04483c589ece1eb09a39f835b8a0dcb871cb624897531c371f5166"
"md","atdd-checklist-template","bmm","bmad/bmm/workflows/testarch/atdd/atdd-checklist-template.md","9944d7b488669bbc6e9ef537566eb2744e2541dad30a9b2d9d4ae4762f66b337"
"md","AUDIT-REPORT","bmm","bmad/bmm/workflows/4-implementation/dev-story/AUDIT-REPORT.md","9b46d2e7623e463821e3b35a717cf3ca7535657d66d41c0761dbfd3bb007114f"
"md","backlog_template","bmm","bmad/bmm/workflows/4-implementation/code-review/backlog_template.md","84b1381c05012999ff9a8b036b11c8aa2f926db4d840d256b56d2fa5c11f4ef7"
"md","brownfield-guide","bmm","bmad/bmm/docs/brownfield-guide.md","6d7da2681ae6d67276cd8f6042ff2969d8dc9c2de3a1a2ef2e6ba8c3f701c792"
"md","checklist","bmm","bmad/bmm/workflows/1-analysis/product-brief/checklist.md","d801d792e3cf6f4b3e4c5f264d39a18b2992a197bc347e6d0389cc7b6c5905de"
"md","checklist","bmm","bmad/bmm/workflows/1-analysis/research/checklist.md","b5bce869ee1ffd1d7d7dee868c447993222df8ac85c4f5b18957b5a5b04d4499"
"md","checklist","bmm","bmad/bmm/workflows/2-plan-workflows/create-ux-design/checklist.md","1aa5bc2ad9409fab750ce55475a69ec47b7cdb5f4eac93b628bb5d9d3ea9dacb"
"md","checklist","bmm","bmad/bmm/workflows/2-plan-workflows/prd/checklist.md","c9cbd451aea761365884ce0e47b86261cff5c72a6ffac2451123484b79dd93d1"
"md","checklist","bmm","bmad/bmm/workflows/2-plan-workflows/tech-spec/checklist.md","fea852e71365e1eb28f452ea7b8b19c7418ca1598c2ee22349ff9e9a7811fec8"
"md","checklist","bmm","bmad/bmm/workflows/3-solutioning/architecture/checklist.md","aa0bd2bde20f45be77c5b43c38a1dfb90c41947ff8320f53150c5f8274680f14"
"md","checklist","bmm","bmad/bmm/workflows/3-solutioning/solutioning-gate-check/checklist.md","c458763b4f2f4e06e2663c111eab969892ee4e690a920b970603de72e0d9c025"
"md","checklist","bmm","bmad/bmm/workflows/4-implementation/code-review/checklist.md","549f958bfe0b28f33ed3dac7b76ea8f266630b3e67f4bda2d4ae85be518d3c89"
"md","checklist","bmm","bmad/bmm/workflows/4-implementation/correct-course/checklist.md","ebbe2f0b78c1220766862102831dedb18471b0ab91525816131d6722f6415a5b"
"md","checklist","bmm","bmad/bmm/workflows/4-implementation/create-story/checklist.md","e3a636b15f010fc0c337e35c2a9427d4a0b9746f7f2ac5dda0b2f309f469f5d1"
"md","checklist","bmm","bmad/bmm/workflows/4-implementation/dev-story/checklist.md","77cecc9d45050de194300c841e7d8a11f6376e2fbe0a5aac33bb2953b1026014"
"md","checklist","bmm","bmad/bmm/workflows/4-implementation/epic-tech-context/checklist.md","6856d14f3bfadd8aa1b4258a726dc4953d4a5907577702281477998e0d544397"
"md","checklist","bmm","bmad/bmm/workflows/4-implementation/sprint-planning/checklist.md","80b10aedcf88ab1641b8e5f99c9a400c8fd9014f13ca65befc5c83992e367dd7"
"md","checklist","bmm","bmad/bmm/workflows/4-implementation/story-context/checklist.md","0da546209d0c6dc41f4eb7cee9ce8e59988237c88b1e61da71708cddb939c2a0"
"md","checklist","bmm","bmad/bmm/workflows/document-project/checklist.md","54e260b60ba969ecd6ab60cb9928bc47b3733d7b603366e813eecfd9316533df"
"md","checklist","bmm","bmad/bmm/workflows/testarch/atdd/checklist.md","c4fa594d949dd8f1f818c11054b28643b458ab05ed90cf65f118deb1f4818e9f"
"md","checklist","bmm","bmad/bmm/workflows/testarch/automate/checklist.md","bf1ae220c15c9f263967d1606658b19adcd37d57aef2b0faa30d34f01e5b0d22"
"md","checklist","bmm","bmad/bmm/workflows/testarch/ci/checklist.md","b0a6233b7d6423721aa551ad543fa708ede1343313109bdc0cbd37673871b410"
"md","checklist","bmm","bmad/bmm/workflows/testarch/framework/checklist.md","d0f1008c374d6c2d08ba531e435953cf862cc280fcecb0cca8e9028ddeb961d1"
"md","checklist","bmm","bmad/bmm/workflows/testarch/nfr-assess/checklist.md","044416df40402db39eb660509eedadafc292c16edc247cf93812f2a325ee032c"
"md","checklist","bmm","bmad/bmm/workflows/testarch/test-design/checklist.md","17b95b1b316ab8d2fc9a2cd986ec5ef481cb4c285ea11651abd53c549ba762bb"
"md","checklist","bmm","bmad/bmm/workflows/testarch/test-review/checklist.md","0626c675114c23019e20e4ae2330a64baba43ad11774ff268c027b3c584a0891"
"md","checklist","bmm","bmad/bmm/workflows/testarch/trace/checklist.md","a4468ae2afa9cf676310ec1351bb34317d5390e4a02ded9684cc15a62f2fd4fd"
"md","checklist-deep-prompt","bmm","bmad/bmm/workflows/1-analysis/research/checklist-deep-prompt.md","1aa3eb0dd454decd55e656d3b6ed8aafe39baa5a042b754fd84083cfd59d5426"
"md","checklist-technical","bmm","bmad/bmm/workflows/1-analysis/research/checklist-technical.md","8f879eac05b729fa4d3536197bbc7cce30721265c5a81f8750698b27aa9ad633"
"md","ci-burn-in","bmm","bmad/bmm/testarch/knowledge/ci-burn-in.md","de0092c37ea5c24b40a1aff90c5560bbe0c6cc31702de55d4ea58c56a2e109af"
"md","component-tdd","bmm","bmad/bmm/testarch/knowledge/component-tdd.md","88bd1f9ca1d5bcd1552828845fe80b86ff3acdf071bac574eda744caf7120ef8"
"md","contract-testing","bmm","bmad/bmm/testarch/knowledge/contract-testing.md","d8f662c286b2ea4772213541c43aebef006ab6b46e8737ebdc4a414621895599"
"md","data-factories","bmm","bmad/bmm/testarch/knowledge/data-factories.md","d7428fe7675da02b6f5c4c03213fc5e542063f61ab033efb47c1c5669b835d88"
"md","deep-dive-instructions","bmm","bmad/bmm/workflows/document-project/workflows/deep-dive-instructions.md","5df994e4e77a2a64f98fb7af4642812378f15898c984fb4f79b45fb2201f0000"
"md","deep-dive-template","bmm","bmad/bmm/workflows/document-project/templates/deep-dive-template.md","6198aa731d87d6a318b5b8d180fc29b9aa53ff0966e02391c17333818e94ffe9"
"md","dev","bmm","bmad/bmm/agents/dev.md","74ab6a0a8b00727fc6981dae49fd69b1281bc4c6832db4e9fe1681ae8e8828b1"
"md","documentation-standards","bmm","bmad/bmm/workflows/techdoc/documentation-standards.md","fc26d4daff6b5a73eb7964eacba6a4f5cf8f9810a8c41b6949c4023a4176d853"
"md","email-auth","bmm","bmad/bmm/testarch/knowledge/email-auth.md","43f4cc3138a905a91f4a69f358be6664a790b192811b4dfc238188e826f6b41b"
"md","enterprise-agentic-development","bmm","bmad/bmm/docs/enterprise-agentic-development.md","028e5e36794617fbf2a6bc0d6dc0f42604005e6260388afcd1d5e72e98fe20ec"
"md","epics-template","bmm","bmad/bmm/workflows/2-plan-workflows/prd/create-epics-and-stories/epics-template.md","d497e0f6db4411d8ee423c1cbbf1c0fa7bfe13ae5199a693c80b526afd417bb0"
"md","epics-template","bmm","bmad/bmm/workflows/2-plan-workflows/tech-spec/epics-template.md","bb05533e9c003a01edeff9553a7e9e65c255920668e1b71ad652b5642949fb69"
"md","error-handling","bmm","bmad/bmm/testarch/knowledge/error-handling.md","8a314eafb31e78020e2709d88aaf4445160cbefb3aba788b62d1701557eb81c1"
"md","faq","bmm","bmad/bmm/docs/faq.md","7e0c0b22bae192737a76af63f9ec19b9d2ad48af07d5f0493588adb2155e7b9a"
"md","feature-flags","bmm","bmad/bmm/testarch/knowledge/feature-flags.md","f6db7e8de2b63ce40a1ceb120a4055fbc2c29454ad8fca5db4e8c065d98f6f49"
"md","fixture-architecture","bmm","bmad/bmm/testarch/knowledge/fixture-architecture.md","a3b6c1bcaf5e925068f3806a3d2179ac11dde7149e404bc4bb5602afb7392501"
"md","full-scan-instructions","bmm","bmad/bmm/workflows/document-project/workflows/full-scan-instructions.md","f51b4444c5a44f098ce49c4ef27a50715b524c074d08c41e7e8c982df32f38b9"
"md","glossary","bmm","bmad/bmm/docs/glossary.md","1b8010c64dd92319b1104de818e97c0faca075496f7c0a4484509836857a589d"
"md","index-template","bmm","bmad/bmm/workflows/document-project/templates/index-template.md","42c8a14f53088e4fda82f26a3fe41dc8a89d4bcb7a9659dd696136378b64ee90"
"md","instructions","bmm","bmad/bmm/workflows/1-analysis/brainstorm-project/instructions.md","26de4b10d6be4d0dcc69cf20d8c501258d54899d1c01984c253f94eedd50a91b"
"md","instructions","bmm","bmad/bmm/workflows/1-analysis/domain-research/instructions.md","08904a27dbaae5f169aeac2be045898593f10b03205039896ca61d8392332038"
"md","instructions","bmm","bmad/bmm/workflows/1-analysis/product-brief/instructions.md","cd7046f7f3ff022c992aa0c6f42c47447c6cc74c944b54b0372a3825877250db"
"md","instructions","bmm","bmad/bmm/workflows/2-plan-workflows/create-ux-design/instructions.md","605cb6886a24a8014a4d6a37fcce96d9063007eb587cfa5716f6bcaaeab870f0"
"md","instructions","bmm","bmad/bmm/workflows/2-plan-workflows/prd/create-epics-and-stories/instructions.md","6fd9b74a139b7648b42b38b40ac54157dd2c519c4fa1b63869e52d3c094338bf"
"md","instructions","bmm","bmad/bmm/workflows/2-plan-workflows/prd/instructions.md","9f313e457d26be842dab73b2d4783cde53ee8cdbefff9096af2b79ba93a023e6"
"md","instructions","bmm","bmad/bmm/workflows/2-plan-workflows/tech-spec/instructions.md","41d8091c84a81d1dce9ced283b5d66dc1b8c26ea57b69b751e04fb1f5b5acbc2"
"md","instructions","bmm","bmad/bmm/workflows/3-solutioning/architecture/instructions.md","16d81dd899180c14112121ab71fdb5f34067e8e7e67e75dbb2dad0d2e1fbc457"
"md","instructions","bmm","bmad/bmm/workflows/3-solutioning/solutioning-gate-check/instructions.md","910d212f35a84cb6e1dd96b8c00a7d12d8e230958edc76b3f9eb24fae749696d"
"md","instructions","bmm","bmad/bmm/workflows/4-implementation/code-review/instructions.md","bfd9b243ab7582dc22c0aa935a48822c31812264c202db5f754609fd572802d7"
"md","instructions","bmm","bmad/bmm/workflows/4-implementation/correct-course/instructions.md","678c30e30da04eedd91e4d00311b2b79eb73fde0c58b8c40225ba1f1e4dbee3c"
"md","instructions","bmm","bmad/bmm/workflows/4-implementation/create-story/instructions.md","460cf4eecbc37055e7a280b3966ddbd92ac236b46c63aa049aea5f061e71a827"
"md","instructions","bmm","bmad/bmm/workflows/4-implementation/dev-story/instructions.md","455102722dd02f9bae4acff764ca4f204e22b1e9383367f08250ba81a74bc878"
"md","instructions","bmm","bmad/bmm/workflows/4-implementation/epic-tech-context/instructions.md","f63dcb18baa59ae477bd112ec17cc5b3d79868401fd64adec971996e08851870"
"md","instructions","bmm","bmad/bmm/workflows/4-implementation/retrospective/instructions.md","401f2810fe95346d3a6a678d72ee0e20afe68940029bfeb801ab8783308e91f2"
"md","instructions","bmm","bmad/bmm/workflows/4-implementation/sprint-planning/instructions.md","b3f3e765dd1d2e2036ed07fcf161d05bbb39448f1c3f73d272c9d9bb4cb9071b"
"md","instructions","bmm","bmad/bmm/workflows/4-implementation/story-context/instructions.md","41a62d198fb404a1051921f50c2cf644b42bfbc5f44b3aa6b17e1261469f61d3"
"md","instructions","bmm","bmad/bmm/workflows/4-implementation/story-done/instructions.md","73e9ebbdd439a9b56260c7ba2633c8b6e7e900c890ca7233648c8720fb440355"
"md","instructions","bmm","bmad/bmm/workflows/4-implementation/story-ready/instructions.md","659f650fe68ef02ca16c85dabee319cc177c4ef2f8c53ba36e63b6adedc29c98"
"md","instructions","bmm","bmad/bmm/workflows/document-project/instructions.md","40f8e3c0f7e413e0b2b32d01eb63b068b780e07b72e9543dd8e5d2af8f749fcf"
"md","instructions","bmm","bmad/bmm/workflows/testarch/atdd/instructions.md","373190c93e39fce7d33e82e931e19eefdcccbd3c95d300c9cbfc48e1223d4e8a"
"md","instructions","bmm","bmad/bmm/workflows/testarch/automate/instructions.md","a1daed69498ecb5d444008f03bbc2dedaf7204a6d715faaded8f4d31e5b7e883"
"md","instructions","bmm","bmad/bmm/workflows/testarch/ci/instructions.md","ec4a4784a60bd328d782fe94d9b2092f498dba3b7ea981334f36ef739e1cca6b"
"md","instructions","bmm","bmad/bmm/workflows/testarch/framework/instructions.md","0a627d7c08e2d62c288aa53ffb8f79e625b16776e158a20f2522325dbc15f76b"
"md","instructions","bmm","bmad/bmm/workflows/testarch/nfr-assess/instructions.md","8c59e751264d08b15c0663281bff982cd5ca3e85bf84ccd33cd098e4cb549f50"
"md","instructions","bmm","bmad/bmm/workflows/testarch/test-design/instructions.md","2733561e38ecd16ef68a41ac8ebd7f3e82b46b2b2b742f7550965801214ce33e"
"md","instructions","bmm","bmad/bmm/workflows/testarch/test-review/instructions.md","3aa22f132681b8d386d9a0e88214c7e2ba78995593b3337ec9b98b831f741d1d"
"md","instructions","bmm","bmad/bmm/workflows/testarch/trace/instructions.md","378ef6e14d03e2a4e0f2e346b91f1e2ba226df0577ad7c470112206ebb827cdb"
"md","instructions","bmm","bmad/bmm/workflows/workflow-status/init/instructions.md","171f9a78f683cd3b95b6b6b6d509850935d6a252bdf84f9fb77620745578efc4"
"md","instructions","bmm","bmad/bmm/workflows/workflow-status/instructions.md","fd72cbdbf33d03b6ac59bf1a2bea5576eb68b5c6d727bed751cabda2c418f6f1"
"md","instructions-deep-prompt","bmm","bmad/bmm/workflows/1-analysis/research/instructions-deep-prompt.md","60dc6710ac43b5a5167b77d41820d61044b1257f309a8067084ad7ee669c3b83"
"md","instructions-level0-story","bmm","bmad/bmm/workflows/2-plan-workflows/tech-spec/instructions-level0-story.md","d3dffeb9a47d91f6f007e6c759d7c01b05229f6dc9c896d4d1fbeb641fb76ea8"
"md","instructions-level1-stories","bmm","bmad/bmm/workflows/2-plan-workflows/tech-spec/instructions-level1-stories.md","cb191891b0db266c9108c44d3152a181cd6b0c997389e4a27683ddf5e7d676c6"
"md","instructions-market","bmm","bmad/bmm/workflows/1-analysis/research/instructions-market.md","e79dcf151a58ef70c5864bb82142868b64f33804ae9946ae7310fba8523765b5"
"md","instructions-router","bmm","bmad/bmm/workflows/1-analysis/research/instructions-router.md","b235c1f7ab4054b0fb5459cbb88b3d446ff763f4cd12fcbeaf81dfab802049fe"
"md","instructions-technical","bmm","bmad/bmm/workflows/1-analysis/research/instructions-technical.md","41276d66dee75a455d6226aecbc9543a31f71b23037242cdc808868169fef416"
"md","network-first","bmm","bmad/bmm/testarch/knowledge/network-first.md","2920e58e145626f5505bcb75e263dbd0e6ac79a8c4c2ec138f5329e06a6ac014"
"md","nfr-criteria","bmm","bmad/bmm/testarch/knowledge/nfr-criteria.md","e63cee4a0193e4858c8f70ff33a497a1b97d13a69da66f60ed5c9a9853025aa1"
"md","nfr-report-template","bmm","bmad/bmm/workflows/testarch/nfr-assess/nfr-report-template.md","b1d8fcbdfc9715a285a58cb161242dea7d311171c09a2caab118ad8ace62b80c"
"md","party-mode","bmm","bmad/bmm/docs/party-mode.md","2437eafe4777cb57f96ccc646da3076efa502b24b72ce5817c9765eb19e66b43"
"md","playwright-config","bmm","bmad/bmm/testarch/knowledge/playwright-config.md","42516511104a7131775f4446196cf9e5dd3295ba3272d5a5030660b1dffaa69f"
"md","pm","bmm","bmad/bmm/agents/pm.md","5b58911d22652209983952dea6104f8c342574ea7d3701e888c4e8fe4defa340"
"md","prd-template","bmm","bmad/bmm/workflows/2-plan-workflows/prd/prd-template.md","cf79921e432b992048af21cb4c87ca5cbc14cdf6e279324b3d5990a7f2366ec4"
"md","probability-impact","bmm","bmad/bmm/testarch/knowledge/probability-impact.md","446dba0caa1eb162734514f35366f8c38ed3666528b0b5e16c7f03fd3c537d0f"
"md","project-context","bmm","bmad/bmm/workflows/1-analysis/brainstorm-project/project-context.md","0f1888da4bfc4f24c4de9477bd3ccb2a6fb7aa83c516dfdc1f98fbd08846d4ba"
"md","project-overview-template","bmm","bmad/bmm/workflows/document-project/templates/project-overview-template.md","a7c7325b75a5a678dca391b9b69b1e3409cfbe6da95e70443ed3ace164e287b2"
"md","quick-spec-flow","bmm","bmad/bmm/docs/quick-spec-flow.md","215d508d27ea94e0091fc32f8dce22fadf990b3b9d8b397e2c393436934f85af"
"md","quick-start","bmm","bmad/bmm/docs/quick-start.md","9ed83c4ddb559828baf704c30eff164be90db287a52f8ecaa8ee41b9b3289504"
"md","README","bmm","bmad/bmm/README.md","ad4e6d0c002e3a5fef1b695bda79e245fe5a43345375c699165b32d6fc511457"
"md","README","bmm","bmad/bmm/docs/README.md","27a835cbc5ed50e4b076d8f0d9454c8e6b6826e69d72ec010df904e891023493"
"md","risk-governance","bmm","bmad/bmm/testarch/knowledge/risk-governance.md","2fa2bc3979c4f6d4e1dec09facb2d446f2a4fbc80107b11fc41cbef2b8d65d68"
"md","scale-adaptive-system","bmm","bmad/bmm/docs/scale-adaptive-system.md","f1bdaac7e6cf96dc115d8fd86c7dc499892ad745a1330221fedbaae1188c6a24"
"md","selective-testing","bmm","bmad/bmm/testarch/knowledge/selective-testing.md","c14c8e1bcc309dbb86a60f65bc921abf5a855c18a753e0c0654a108eb3eb1f1c"
"md","selector-resilience","bmm","bmad/bmm/testarch/knowledge/selector-resilience.md","a55c25a340f1cd10811802665754a3f4eab0c82868fea61fea9cc61aa47ac179"
"md","sm","bmm","bmad/bmm/agents/sm.md","1a5b67cf4233d5bae16f358e556677cf7143759593581e3c009c6d42abbb0b95"
"md","source-tree-template","bmm","bmad/bmm/workflows/document-project/templates/source-tree-template.md","109bc335ebb22f932b37c24cdc777a351264191825444a4d147c9b82a1e2ad7a"
"md","tea","bmm","bmad/bmm/agents/tea.md","5d06927b4a33b208051cfa052cec59efba96f8498e70fd89a3b57fbaaf3b8111"
"md","tech-spec-template","bmm","bmad/bmm/workflows/2-plan-workflows/tech-spec/tech-spec-template.md","2b07373b7b23f71849f107b8fd4356fef71ba5ad88d7f333f05547da1d3be313"
"md","tech-writer","bmm","bmad/bmm/agents/tech-writer.md","8dba5271ff27a29c0be8f38b2ea3a9f23c5ebe777a7a804c2cd77c3cc7eb2295"
"md","template","bmm","bmad/bmm/workflows/1-analysis/domain-research/template.md","5606843f77007d886cc7ecf1fcfddd1f6dfa3be599239c67eff1d8e40585b083"
"md","template","bmm","bmad/bmm/workflows/1-analysis/product-brief/template.md","96f89df7a4dabac6400de0f1d1abe1f2d4713b76fe9433f31c8a885e20d5a5b4"
"md","template","bmm","bmad/bmm/workflows/3-solutioning/solutioning-gate-check/template.md","11c3b7573991c001a7f7780daaf5e5dfa4c46c3ea1f250c5bbf86c5e9f13fc8b"
"md","template","bmm","bmad/bmm/workflows/4-implementation/create-story/template.md","83c5d21312c0f2060888a2a8ba8332b60f7e5ebeb9b24c9ee59ba96114afb9c9"
"md","template","bmm","bmad/bmm/workflows/4-implementation/epic-tech-context/template.md","b5c5d0686453b7c9880d5b45727023f2f6f8d6e491b47267efa8f968f20074e3"
"md","template-deep-prompt","bmm","bmad/bmm/workflows/1-analysis/research/template-deep-prompt.md","2e65c7d6c56e0fa3c994e9eb8e6685409d84bc3e4d198ea462fa78e06c1c0932"
"md","template-market","bmm","bmad/bmm/workflows/1-analysis/research/template-market.md","e5e59774f57b2f9b56cb817c298c02965b92c7d00affbca442366638cd74d9ca"
"md","template-technical","bmm","bmad/bmm/workflows/1-analysis/research/template-technical.md","78caa56ba6eb6922925e5aab4ed4a8245fe744b63c245be29a0612135851f4ca"
"md","test-architecture","bmm","bmad/bmm/docs/test-architecture.md","28c71bb13620d476db79c0821192f900723f6a95b5c20f8a67f3062e0b4745a9"
"md","test-design-template","bmm","bmad/bmm/workflows/testarch/test-design/test-design-template.md","3dcf247b058217d806fc62b3a5797c72c9864868e4f949e944d389db954d63d4"
"md","test-healing-patterns","bmm","bmad/bmm/testarch/knowledge/test-healing-patterns.md","b44f7db1ebb1c20ca4ef02d12cae95f692876aee02689605d4b15fe728d28fdf"
"md","test-levels-framework","bmm","bmad/bmm/testarch/knowledge/test-levels-framework.md","80bbac7959a47a2e7e7de82613296f906954d571d2d64ece13381c1a0b480237"
"md","test-priorities-matrix","bmm","bmad/bmm/testarch/knowledge/test-priorities-matrix.md","321c3b708cc19892884be0166afa2a7197028e5474acaf7bc65c17ac861964a5"
"md","test-quality","bmm","bmad/bmm/testarch/knowledge/test-quality.md","97b6db474df0ec7a98a15fd2ae49671bb8e0ddf22963f3c4c47917bb75c05b90"
"md","test-review-template","bmm","bmad/bmm/workflows/testarch/test-review/test-review-template.md","3e68a73c48eebf2e0b5bb329a2af9e80554ef443f8cd16652e8343788f249072"
"md","timing-debugging","bmm","bmad/bmm/testarch/knowledge/timing-debugging.md","c4c87539bbd3fd961369bb1d7066135d18c6aad7ecd70256ab5ec3b26a8777d9"
"md","trace-template","bmm","bmad/bmm/workflows/testarch/trace/trace-template.md","5453a8e4f61b294a1fc0ba42aec83223ae1bcd5c33d7ae0de6de992e3ee42b43"
"md","user-story-template","bmm","bmad/bmm/workflows/2-plan-workflows/tech-spec/user-story-template.md","4b179d52088745060991e7cfd853da7d6ce5ac0aa051118c9cecea8d59bdaf87"
"md","ux-design-template","bmm","bmad/bmm/workflows/2-plan-workflows/create-ux-design/ux-design-template.md","f9b8ae0fe08c6a23c63815ddd8ed43183c796f266ffe408f3426af1f13b956db"
"md","ux-designer","bmm","bmad/bmm/agents/ux-designer.md","7a708b0ee965a925ddc2c76a196cc620a31b9f3d3b3edfa23e108e86304b5140"
"md","visual-debugging","bmm","bmad/bmm/testarch/knowledge/visual-debugging.md","072a3d30ba6d22d5e628fc26a08f6e03f8b696e49d5a4445f37749ce5cd4a8a9"
"md","workflow-architecture-reference","bmm","bmad/bmm/docs/workflow-architecture-reference.md","ce6c43a7f90e7b31655dd1bc9632cda700e105315f5ef25067319792274b2283"
"md","workflow-document-project-reference","bmm","bmad/bmm/docs/workflow-document-project-reference.md","d909ec2d8e29bf7daae90490a77d8a436be3859b7e0466a8bfb84b744f7ec5f5"
"md","workflows-analysis","bmm","bmad/bmm/docs/workflows-analysis.md","4dd00c829adcf881ecb96e083f754a4ce109159cfdaff8a5a856590ba33f1d74"
"md","workflows-implementation","bmm","bmad/bmm/docs/workflows-implementation.md","d9d22fd7e11a5586f4c93d38f88fd93e4203d31d3388ad2d0de439cc8d35df79"
"md","workflows-planning","bmm","bmad/bmm/docs/workflows-planning.md","b713c4b5c3275daa8285fa5e8a18d9e2b6d38c66cbb77e302c15b40ea9bb3029"
"md","workflows-solutioning","bmm","bmad/bmm/docs/workflows-solutioning.md","193b6bfdafcf802b9ff6f39d1bea4fe09d788e3b2bbfe9ff034019c9a3fba696"
"xml","context-template","bmm","bmad/bmm/workflows/4-implementation/story-context/context-template.xml","582374f4d216ba60f1179745b319bbc2becc2ac92d7d8a19ac3273381a5c2549"
"xml","daily-standup","bmm","bmad/bmm/tasks/daily-standup.xml","e7260fff0437543d980ba0aa031169a2fcbbcb82283d722fd62bae063ffdfa7a"
"yaml","analyst.agent","bmm","bmad/bmm/agents/analyst.agent.yaml",""
"yaml","architect.agent","bmm","bmad/bmm/agents/architect.agent.yaml",""
"yaml","architecture-patterns","bmm","bmad/bmm/workflows/3-solutioning/architecture/architecture-patterns.yaml","9394c1e632e01534f7a1afd676de74b27f1868f58924f21b542af3631679c552"
"yaml","config","bmm","bmad/bmm/config.yaml","ad1a1c8ab183c255e4f0fd28adf41b703e2ed2df6608241fa42ba54f95b27cea"
"yaml","decision-catalog","bmm","bmad/bmm/workflows/3-solutioning/architecture/decision-catalog.yaml","f7fc2ed6ec6c4bd78ec808ad70d24751b53b4835e0aad1088057371f545d3c82"
"yaml","deep-dive","bmm","bmad/bmm/workflows/document-project/workflows/deep-dive.yaml","4335a52a40c58a8bf453fb91bc3111c2834404706f6212b53977311bc77f47cb"
"yaml","dev.agent","bmm","bmad/bmm/agents/dev.agent.yaml",""
"yaml","enterprise-brownfield","bmm","bmad/bmm/workflows/workflow-status/paths/enterprise-brownfield.yaml","8b81f8b51f6575b92f8b490694e5f538aad9644c86119ccd6e2b727c7c232ef7"
"yaml","enterprise-greenfield","bmm","bmad/bmm/workflows/workflow-status/paths/enterprise-greenfield.yaml","040727a03c69aac1ac980ec3d708f7e64f083640fe1e724b3f09b9880f400e5a"
"yaml","full-scan","bmm","bmad/bmm/workflows/document-project/workflows/full-scan.yaml","8ea2eaf5b4ce4ef20604d3be390b56142a147592a12439734b3a31662e5c9205"
"yaml","game-design","bmm","bmad/bmm/workflows/workflow-status/paths/game-design.yaml","f5228c1cd593348f03824535e19a6c41b926a49a0c63ca320a2cd2e0d8b11976"
"yaml","github-actions-template","bmm","bmad/bmm/workflows/testarch/ci/github-actions-template.yaml","28c0de7c96481c5a7719596c85dd0ce8b5dc450d360aeaa7ebf6294dcf4bea4c"
"yaml","gitlab-ci-template","bmm","bmad/bmm/workflows/testarch/ci/gitlab-ci-template.yaml","bc83b9240ad255c6c2a99bf863b9e519f736c99aeb4b1e341b07620d54581fdc"
"yaml","injections","bmm","bmad/bmm/workflows/1-analysis/research/claude-code/injections.yaml","dd6dd6e722bf661c3c51d25cc97a1e8ca9c21d517ec0372e469364ba2cf1fa8b"
"yaml","method-brownfield","bmm","bmad/bmm/workflows/workflow-status/paths/method-brownfield.yaml","6f4c6b508d3af2eba1409d48543e835d07ec4d453fa34fe53a2c7cbb91658969"
"yaml","method-greenfield","bmm","bmad/bmm/workflows/workflow-status/paths/method-greenfield.yaml","1eb8232eca4cb915acecbc60fe3495c6dcc8d2241393ee42d62b5f491d7c223e"
"yaml","pm.agent","bmm","bmad/bmm/agents/pm.agent.yaml",""
"yaml","project-levels","bmm","bmad/bmm/workflows/workflow-status/project-levels.yaml","32d0616a084d123554f202ee72bc4c38a19dc6cabb402a827767b958a0ddb5fa"
"yaml","quick-flow-brownfield","bmm","bmad/bmm/workflows/workflow-status/paths/quick-flow-brownfield.yaml","0d8837a07efaefe06b29c1e58fee982fafe6bbb40c096699bd64faed8e56ebf8"
"yaml","quick-flow-greenfield","bmm","bmad/bmm/workflows/workflow-status/paths/quick-flow-greenfield.yaml","c6eae1a3ef86e87bd48a285b11989809526498dc15386fa949279f2e77b011d5"
"yaml","sample-level-3-workflow","bmm","bmad/bmm/workflows/workflow-status/sample-level-3-workflow.yaml","036b27d39d3a845abed38725d816faca1452651c0b90f30f6e3adc642c523c6f"
"yaml","sm.agent","bmm","bmad/bmm/agents/sm.agent.yaml",""
"yaml","sprint-status-template","bmm","bmad/bmm/workflows/4-implementation/sprint-planning/sprint-status-template.yaml","314af29f980b830cc2f67b32b3c0c5cc8a3e318cc5b2d66ff94540e5c80e3aca"
"yaml","tea.agent","bmm","bmad/bmm/agents/tea.agent.yaml",""
"yaml","team-fullstack","bmm","bmad/bmm/teams/team-fullstack.yaml","da8346b10dfad8e1164a11abeb3b0a84a1d8b5f04e01e8490a44ffca477a1b96"
"yaml","tech-writer.agent","bmm","bmad/bmm/agents/tech-writer.agent.yaml",""
"yaml","ux-designer.agent","bmm","bmad/bmm/agents/ux-designer.agent.yaml",""
"yaml","validation-criteria","bmm","bmad/bmm/workflows/3-solutioning/solutioning-gate-check/validation-criteria.yaml","d690edf5faf95ca1ebd3736e01860b385b05566da415313d524f4db12f9a5af4"
"yaml","workflow","bmm","bmad/bmm/workflows/1-analysis/brainstorm-project/workflow.yaml","d8849b0f291e5b5d99072a326c458f38b78f46625820d5ddc9771995515ced3c"
"yaml","workflow","bmm","bmad/bmm/workflows/1-analysis/domain-research/workflow.yaml","dc91031b438bb19a9d8b31d873b763aff4e8f9b0d7a91f2411cc9a7f0d7ad6e8"
"yaml","workflow","bmm","bmad/bmm/workflows/1-analysis/product-brief/workflow.yaml","b399b20d9faebe752737ddc41e536e0b117bfb3778fef2311028fca6ba5992be"
"yaml","workflow","bmm","bmad/bmm/workflows/1-analysis/research/workflow.yaml","458a2f0296f6a4d22a01830f5ab528dc82dba59e95fecc88ef058d05cb21643e"
"yaml","workflow","bmm","bmad/bmm/workflows/2-plan-workflows/create-ux-design/workflow.yaml","6de1a09fecf3e574ef182b213f3725823b524222f0ad911f823493afa821fd5d"
"yaml","workflow","bmm","bmad/bmm/workflows/2-plan-workflows/prd/create-epics-and-stories/workflow.yaml","f40156ad2f4ddcacf2badf8e9a5ec6cfbeea15c1e6e09ac577daf330cd11e41f"
"yaml","workflow","bmm","bmad/bmm/workflows/2-plan-workflows/prd/workflow.yaml","4a67cfde08abd1990d93686b5ff292f386d17d9642d7e112a2d7a5de5f296e27"
"yaml","workflow","bmm","bmad/bmm/workflows/2-plan-workflows/tech-spec/workflow.yaml","8a007dc9d221f0e91d0004c510fe9994a418c084ef558b324856f0f60756ce14"
"yaml","workflow","bmm","bmad/bmm/workflows/3-solutioning/architecture/workflow.yaml","5a48e3a07991b26978769b7013318895521b00b37acfc39d521a887d1bfa3540"
"yaml","workflow","bmm","bmad/bmm/workflows/3-solutioning/solutioning-gate-check/workflow.yaml","8151387a063a7c459d3dc0173deebbbb3f851c71d69263b6eb9b394a6eada39c"
"yaml","workflow","bmm","bmad/bmm/workflows/4-implementation/code-review/workflow.yaml","e6b29c53ab2c7551f04c49b293c69f1fb19c88958f9be5c1a3854f6a7f06b7c6"
"yaml","workflow","bmm","bmad/bmm/workflows/4-implementation/correct-course/workflow.yaml","00fe1d57665ed25abb26646e78823e6f4575963588b71f0ae4feb38c97e04234"
"yaml","workflow","bmm","bmad/bmm/workflows/4-implementation/create-story/workflow.yaml","efc050f5b1d99a34834dd2ac609d596d8df09542ebd04c74a8a029ccb76a716b"
"yaml","workflow","bmm","bmad/bmm/workflows/4-implementation/dev-story/workflow.yaml","76d9858fadca84f3b359ee0b4cc50c936cf62c930623d7ac52a119ceae7a5f6f"
"yaml","workflow","bmm","bmad/bmm/workflows/4-implementation/epic-tech-context/workflow.yaml","ae3f01b06b60983ff323ad37e808488c3995fc4b289e9bff76e9299acdfc53b1"
"yaml","workflow","bmm","bmad/bmm/workflows/4-implementation/retrospective/workflow.yaml","9bec1cc25d92bd4e6ab5e3c7f25467615649256bfd9247471dee0e2fe5fdc725"
"yaml","workflow","bmm","bmad/bmm/workflows/4-implementation/sprint-planning/workflow.yaml","8424905f3863dd0aff1eac943a1c15e3e4822dd31ef01b8968f919544ee18ba2"
"yaml","workflow","bmm","bmad/bmm/workflows/4-implementation/story-context/workflow.yaml","e5ae3b84c6b8cec127e64b03ffa0d4a25570bcf2327fc93dfa7a0eeec3c0d27a"
"yaml","workflow","bmm","bmad/bmm/workflows/4-implementation/story-done/workflow.yaml","fc83ac452d4aa20885b1a6ed31ec59d3250ee635bd1e03f1fce8fb0d5069f55c"
"yaml","workflow","bmm","bmad/bmm/workflows/4-implementation/story-ready/workflow.yaml","7df4597c5edb8e4e56f0e4799d0ada987b858f141de6999534118fb0d8117b2c"
"yaml","workflow","bmm","bmad/bmm/workflows/document-project/workflow.yaml","6d096540d7c16a098b4130f8b0df1d542ef37b68ea90bbab316ada510c26b461"
"yaml","workflow","bmm","bmad/bmm/workflows/testarch/atdd/workflow.yaml","5658a5602d748a6b11666ee97750d115813d1e456f5cc83fe28eaa0f98dd23fc"
"yaml","workflow","bmm","bmad/bmm/workflows/testarch/automate/workflow.yaml","e6e8db6d27e63ae824838d41608b8c599f93f9396147f450924de4d28610c8be"
"yaml","workflow","bmm","bmad/bmm/workflows/testarch/ci/workflow.yaml","f1e25335d741e2f02f17d23c4d9dc9a70441585f4bc3640d9f5314d5229c45a8"
"yaml","workflow","bmm","bmad/bmm/workflows/testarch/framework/workflow.yaml","b9170c280bd80f3198b9d5a36d798cc9843c0f788a298ed457830c28f328f1c1"
"yaml","workflow","bmm","bmad/bmm/workflows/testarch/nfr-assess/workflow.yaml","1efefc7be722fb4d89748480c5ce18314ecac59ff76ac4cb2edbe5b04a06fa85"
"yaml","workflow","bmm","bmad/bmm/workflows/testarch/test-design/workflow.yaml","81239dc9b8fd09baa8597fd5494c11f4223ee1abb4ef8979bb12a205d73ed940"
"yaml","workflow","bmm","bmad/bmm/workflows/testarch/test-review/workflow.yaml","c7fdeca68423e054f2f0ba77eabfe43b1502367afafe78d85795758b993df059"
"yaml","workflow","bmm","bmad/bmm/workflows/testarch/trace/workflow.yaml","b47dbd83d309fe10bfd651d331f4efae03fa2e34af07d142f07d61186a243e0b"
"yaml","workflow","bmm","bmad/bmm/workflows/workflow-status/init/workflow.yaml","58ffa84bc7d9113016faa1e9222607f6f3e7bad22cd4539838434b0b6e242495"
"yaml","workflow","bmm","bmad/bmm/workflows/workflow-status/workflow.yaml","6cd683744e5cca33bb019e2d4646038509dde857f90276e8d41a3b8c21e62946"
"yaml","workflow-status-template","bmm","bmad/bmm/workflows/workflow-status/workflow-status-template.yaml","6021202726d2b81f28908ffeb93330d25bcd52986823200e01b814d67c1677dd"
"csv","adv-elicit-methods","core","bmad/core/tasks/adv-elicit-methods.csv","b4e925870f902862899f12934e617c3b4fe002d1b652c99922b30fa93482533b"
"csv","brain-methods","core","bmad/core/workflows/brainstorming/brain-methods.csv","ecffe2f0ba263aac872b2d2c95a3f7b1556da2a980aa0edd3764ffb2f11889f3"
"md","bmad-master","core","bmad/core/agents/bmad-master.md","b80f31a97a39478dd9a4f11c110eb6736826e6af4bdec751835374aa7ee606cb"
"md","instructions","core","bmad/core/workflows/brainstorming/instructions.md","63809424dd2dda5bb25b8c7543fcead26ab2c6c71c434bc88d5cec01ece82a5f"
"md","instructions","core","bmad/core/workflows/party-mode/instructions.md","ae96716c39375d9581a0e2d47af7afc365de7b208e58e3968ba9757d1ec874f6"
"md","README","core","bmad/core/workflows/brainstorming/README.md","9852e24a25d42fb5a9a0687de0164a95a51e9083cd5531f961316c7e451d51fb"
"md","template","core","bmad/core/workflows/brainstorming/template.md","b5c760f4cea2b56c75ef76d17a87177b988ac846657f4b9819ec125d125b7386"
"xml","adv-elicit","core","bmad/core/tasks/adv-elicit.xml","4f45442af426a269c0af709348efe431e335ff45bb8eda7d01e7d100c57e03b9"
"xml","bmad-web-orchestrator.agent","core","bmad/core/agents/bmad-web-orchestrator.agent.xml","ac09744c3ad70443fbe6873d6a1345c09ad4ab1fe3e310e3230c912967cb51e9"
"xml","index-docs","core","bmad/core/tasks/index-docs.xml","c6a9d79628fd1246ef29e296438b238d21c68f50eadb16219ac9d6200cf03628"
"xml","shard-doc","core","bmad/core/tools/shard-doc.xml","f2ec685bd3f9ca488c47c494b344b8cff1854d5439c7207182e08ecfa0bb4a07"
"xml","validate-workflow","core","bmad/core/tasks/validate-workflow.xml","63580411c759ee317e58da8bda6ceba27dbf9d3742f39c5c705afcd27361a9ee"
"xml","workflow","core","bmad/core/tasks/workflow.xml","f7500bdc26a0d4630674000788d9dbc376b03347aea221b90afcdbb0a1e569d7"
"yaml","bmad-master.agent","core","bmad/core/agents/bmad-master.agent.yaml",""
"yaml","config","core","bmad/core/config.yaml","1813bbe480e55add17d9e27592aa44664abcc4c836c3e5dfdbdca1f9059b37cc"
"yaml","workflow","core","bmad/core/workflows/brainstorming/workflow.yaml","26ffa44c9886651461efffa8ab42fc1b71e4161b9087df4eeee8ea6de55b799e"
"yaml","workflow","core","bmad/core/workflows/party-mode/workflow.yaml","cf38aed2dae31d4bdfcc5352c8ceab8f3d5c2b3b79833b25fc604aa1bc9d523c"
